ImageId,EncodedPixels
000a4d4fd.jpg,
00a1aab5b.jpg,349796 2 350564 4 351332 6 352099 9 352867 9 353635 8 354402 9 355170 9 355938 8 356705 9 357473 9 358240 9 359008 9 359776 9 360543 9 361311 9 362079 9 362846 9 363614 9 364382 9 365149 9 365917 9 366685 9 367452 9 368220 9 368987 10 369755 9 370523 9 371290 10 372058 9 372825 10 373595 8 374366 4 375136 2
00a1aab5b.jpg,348252 2 349020 4 349787 7 350555 9 351323 8 352090 9 352858 9 353626 8 354393 9 355161 8 355929 8 356696 9 357464 8 358232 8 358999 9 359767 8 360534 9 361302 9 362070 8 362837 9 363605 8 364373 8 365140 9 365908 8 366676 8 367443 9 368211 8 368979 8 369746 8 370514 8 371284 6 372056 1
00a2a6f9e.jpg,
00a3e57fe.jpg,
00a4ba88b.jpg,
00a4bf025.jpg,
00a57d4f6.jpg,
00a5ebe44.jpg,
00a5f7e44.jpg,
00a6d0513.jpg,
00a6fef47.jpg,392256 5 393024 15 393792 20 394560 20 395327 21 396095 21 396863 20 397636 15 398414 5
00a8afb91.jpg,
00a8c3d3f.jpg,
00a9adaa4.jpg,47158 2 47926 4 48693 7 49461 7 50228 7 50996 7 51763 7 52531 7 53298 8 54066 7 54833 8 55601 7 56370 6 57140 3 57910 1
00a9adaa4.jpg,108567 2 109332 5 110098 8 110863 11 111629 13 112397 14 113166 13 113934 13 114703 13 115471 13 116239 13 117008 13 117776 13 118545 10 119313 8 120082 4 120850 2
00a9adaa4.jpg,324133 1 324899 4 325665 6 326432 8 327198 9 327965 8 328731 9 329497 10 330264 9 331030 10 331797 10 332566 7 333334 6 334103 4 334872 1
00a9adaa4.jpg,249011 2 249777 4 250543 7 251308 10 252074 13 252839 16 253605 19 254371 19 255137 19 255905 17 256674 13 257442 11 258211 7 258979 5 259748 2
00a9adaa4.jpg,215279 1 216046 3 216813 5 217579 7 218346 9 219113 11 219880 13 220647 13 221413 14 222180 14 222947 13 223714 13 224481 13 225247 14 226014 14 226781 13 227548 13 228317 11 229086 9 229854 8 230623 5 231392 3 232161 1
00a9b7ec4.jpg,
00a9be085.jpg,463770 2 464538 6 465306 9 466073 14 466841 16 467609 16 468377 16 469144 16 469912 16 470680 16 471448 16 472215 16 472983 16 473753 14 474525 10 475296 6 476068 2
00a9be085.jpg,60256 1 61023 3 61790 5 62557 7 63324 9 64092 10 64859 12 65626 14 66394 16 67163 16 67932 16 68701 16 69470 16 70239 16 71008 16 71777 16 72547 15 73316 13 74085 11 74854 9 75623 7 76392 5 77161 3 77930 1
00a9be085.jpg,27950 1 28717 4 29484 6 30252 7 31019 10 31786 12 32553 14 33321 16 34088 18 34855 20 35622 23 36389 25 37157 26 37924 29 38691 31 39458 33 40226 35 40993 37 41760 39 42529 40 43299 39 44068 39 44837 40 45607 39 46376 39 47145 40 47915 39 48684 39 49454 39 50223 39 50992 39 51762 39 52531 39 53300 39 54070 39 54839 39 55608 39 56378 39 57147 39 57917 36 58686 35 59455 33 60225 30 60994 28 61763 27 62533 24 63302 22 64072 19 64841 17 65610 15 66380 13 67149 12 67918 10 68688 7 69457 5 70226 4 70996 1
00a9be085.jpg,475309 1 476075 4 476842 6 477609 7 478375 10 479142 12 479909 14 480675 17 481442 18 482209 20 482978 20 483747 20 484516 20 485284 21 486053 20 486822 20 487591 20 488360 20 489129 20 489897 20 490666 20 491435 20 492204 20 492973 20 493742 19 494510 20 495279 20 496048 20 496817 20 497586 20 498355 19 499124 19 499892 20 500661 18 501430 16 502199 13 502968 11 503737 9 504505 8 505274 6 506043 3 506812 1
00a9e2ec9.jpg,90666 2 91434 6 92202 8 92969 9 93737 9 94505 8 95273 8 96041 8 96808 9 97576 9 98344 8 99112 8 99880 8 100647 9 101415 9 102183 8 102951 8 103719 8 104486 9 105254 9 106022 8 106792 6 107564 2
0a01d8321.jpg,
0a021d61a.jpg,
0a022b4aa.jpg,
0a022fb2c.jpg,
0a053e574.jpg,
0a05b6a2b.jpg,
0a08e633f.jpg,
0a09c35eb.jpg,
0a09ce786.jpg,
0a09da25f.jpg,394796 2 395561 5 396326 9 397092 11 397857 15 398622 18 399388 20 400156 21 400925 20 401693 21 402462 20 403230 20 403998 21 404767 20 405535 21 406304 20 407072 20 407840 21 408609 20 409377 21 410145 21 410914 20 411682 21 412451 20 413219 21 413987 21 414756 20 415524 21 416293 20 417061 21 417829 21 418598 20 419366 21 420135 20 420903 21 421671 21 422440 20 423208 21 423977 20 424745 21 425513 21 426282 20 427050 21 427818 21 428587 21 429355 21 430124 20 430892 21 431660 21 432429 21 433197 21 433966 21 434734 21 435502 21 436271 21 437039 21 437808 21 438576 21 439344 21 440113 21 440881 21 441650 21 442418 21 443186 21 443955 21 444723 21 445492 21 446260 21 447028 21 447797 21 448565 21 449333 22 450102 21 450870 21 451639 21 452407 21 453175 22 453944 21 454712 21 455481 21 456249 21 457017 22 457786 21 458554 21 459323 21 460091 21 460859 22 461628 21 462396 21 463165 21 463933 21 464701 22 465470 21 466238 21 467006 22 467775 21 468543 22 469312 21 470080 19 470848 16 471617 12 472385 9 473154 5 473922 2
0a0a623a0.jpg,
0a0ada7e3.jpg,
0a0aeea56.jpg,
0a0b38d09.jpg,
0a0bc9b17.jpg,
0a0c7f8d1.jpg,
0a0cdca85.jpg,
0a0d2d44e.jpg,
0a0dc11e4.jpg,
0a0df8299.jpg,161001 2 161767 4 162533 7 163299 9 164068 9 164836 9 165605 9 166374 8 167142 8 167911 8 168679 8 169448 8 170216 8 170985 8 171754 7 172522 7 173291 7 174059 7 174828 7 175597 6 176365 7 177134 6 177902 6 178671 6 179439 6 180208 6 180977 5 181745 6 182514 5 183282 3
0a0df8299.jpg,140972 1 141738 4 142505 5 143271 8 144038 9 144805 11 145571 14 146338 15 147104 18 147871 19 148640 19 149408 19 150177 19 150946 19 151714 19 152483 19 153252 18 154020 19 154789 19 155558 18 156326 19 157095 18 157864 18 158632 18 159401 18 160170 18 160939 17 161707 18 162476 17 163245 17 164013 18 164782 17 165551 17 166319 17 167088 17 167857 16 168625 17 169394 17 170163 16 170931 17 171700 16 172469 16 173237 17 174006 16 174775 16 175543 16 176312 16 177081 15 177849 16 178618 16 179387 15 180155 16 180924 15 181693 15 182461 16 183230 15 183999 15 184767 15 185536 15 186305 14 187074 14 187842 15 188611 14 189380 14 190148 14 190917 14 191686 14 192454 14 193223 14 193992 11 194760 10 195529 8 196298 5 197066 4 197835 1
0a0df8299.jpg,72605 1 73371 4 74137 6 74903 9 75669 11 76436 13 77202 16 77968 18 78734 21 79500 23 80267 25 81033 27 81799 30 82565 33 83331 35 84098 37 84867 36 85635 37 86404 37 87172 37 87941 37 88709 37 89478 37 90247 36 91015 37 91784 37 92552 37 93321 37 94090 36 94858 37 95627 37 96395 37 97164 37 97932 37 98701 37 99470 37 100238 37 101007 37 101775 37 102544 37 103313 36 104081 37 104850 37 105618 37 106387 37 107155 37 107924 37 108693 37 109461 37 110230 37 110998 37 111767 37 112536 36 113304 37 114073 37 114841 37 115610 37 116378 37 117147 37 117916 37 118684 37 119453 37 120221 37 120990 37 121759 37 122527 37 123296 37 124064 37 124833 37 125601 37 126370 37 127139 37 127907 37 128676 37 129444 37 130213 37 130982 37 131750 37 132519 37 133287 37 134056 37 134824 37 135593 37 136362 37 137130 37 137899 37 138667 37 139436 37 140204 38 140973 37 141742 37 142510 37 143279 37 144048 37 144816 37 145585 37 146354 36 147122 37 147891 36 148660 36 149428 37 150197 36 150966 36 151734 36 152503 36 153272 36 154041 35 154809 36 155578 35 156347 35 157115 35 157884 35 158653 35 159421 35 160190 35 160959 34 161727 35 162496 35 163265 34 164033 34 164802 34 165571 33 166339 34 167108 33 167877 33 168645 33 169414 32 170183 32 170951 32 171720 32 172489 31 173257 32 174026 31 174795 30 175563 31 176332 30 177101 30 177869 30 178638 30 179407 29 180176 28 180944 29 181713 28 182482 28 183250 28 184019 28 184788 27 184817 1 185556 28 186325 25 187094 23 187862 21 188631 18 189400 16 190168 14 190937 11 191704 10 192470 11 193237 10 194005 8 194774 6 195542 4 196311 1
0a0df9b84.jpg,130429 15 131197 15 131965 15 132733 15 133501 15 134269 15 135037 15 135805 15 136573 15 137341 15 138109 15 138877 15 139645 15 140413 15 141181 15 141949 15 142717 15 143485 15 144253 15 145021 15 145789 15 146557 15 147325 15 148093 15 148861 15 149629 15 150397 15 151165 15 151933 15
0a0e18118.jpg,
0a0e44e37.jpg,
0a0e7a366.jpg,
0a0eeaaf7.jpg,
0a0f45639.jpg,
0a12c8a35.jpg,
0a12e3118.jpg,
0a12e8a5a.jpg,
0a13c6c86.jpg,
0a13db515.jpg,
0a15db0bb.jpg,
0a16aee48.jpg,
0a17ee2bb.jpg,
0a18f6228.jpg,
0a18f6d48.jpg,
0a1a2b14e.jpg,34447 4 35215 7 35983 7 36750 7 37518 7 38286 7 39054 7 39822 7 40589 8 41357 7 42125 7 42893 7 43661 7 44428 8 45196 7 45964 7 46732 7 47500 7 48267 8 49035 7 49803 7 50571 7 51339 7 52106 8 52874 8 53642 7 54410 7 55177 8 55945 8 56713 8 57481 7 58249 7 59016 8 59784 8 60552 8 61320 7 62088 7 62855 8 63623 8 64391 7 65159 7 65927 7 66694 8 67462 7 68230 7 69002 3
0a1a2b14e.jpg,34454 4 35223 7 35991 7 36759 7 37526 7 38294 7 39062 7 39830 7 40597 8 41365 8 42133 7 42901 7 43669 7 44436 8 45204 8 45972 7 46740 7 47507 8 48275 8 49043 8 49811 7 50578 8 51346 8 52114 8 52882 8 53650 8 54417 8 55185 8 55953 8 56721 8 57488 9 58256 8 59024 8 59792 8 60560 8 61327 9 62095 8 62863 8 63631 8 64399 8 65167 8 65934 9 66702 8 67470 8 68242 4
0a1a2b14e.jpg,122487 2 123255 4 124022 8 124790 10 125558 12 126325 13 127093 12 127861 12 128628 13 129396 12 130163 13 130931 13 131699 12 132466 13 133234 13 134002 12 134769 13 135537 13 136305 12 137072 13 137840 13 138608 12 139375 13 140143 13 140911 12 141678 13 142446 13 143214 12 143981 13 144749 13 145516 13 146284 13 147052 13 147819 13 148587 13 149355 13 150122 13 150890 13 151658 13 152425 13 153193 13 153961 13 154728 13 155496 13 156264 13 157031 13 157799 13 158566 14 159334 13 160102 13 160869 14 161637 13 162405 13 163172 14 163940 13 164710 11 165481 8 166251 5 167022 2
0a1a2b14e.jpg,270999 2 271767 6 272535 10 273302 13 274070 13 274838 12 275606 12 276373 13 277141 13 277909 12 278677 12 279444 13 280212 13 280980 12 281748 12 282515 13 283283 13 284051 12 284819 12 285586 13 286354 12 287122 12 287890 12 288657 13 289425 12 290193 12 290961 12 291728 13 292496 12 293264 12 294032 12 294799 13 295567 12 296335 12 297103 12 297870 13 298638 12 299406 12 300174 12 300941 12 301709 12 302477 12 303245 12 304012 12 304780 12 305548 12 306316 12 307083 12 307851 12 308619 12 309387 12 310154 12 310922 12 311690 12 312458 11 313225 12 313993 12 314761 12 315529 11 316296 12 317064 12 317832 12 318600 11 319367 12 320135 12 320903 12 321674 8 322447 3
0a1a31581.jpg,
0a1a45cda.jpg,
0a1a58833.jpg,94567 1 95334 3 96101 6 96869 7 97636 9 98403 12 99170 14 99937 16 100705 15 101472 15 102239 16 103006 16 103773 16 104541 15 105308 15 106075 16 106842 16 107609 16 108377 15 109144 15 109911 16 110678 16 111445 16 112213 15 112980 15 113747 16 114514 16 115281 16 116049 15 116816 15 117583 16 118350 16 119117 16 119885 15 120652 15 121419 16 122186 16 122953 16 123721 15 124488 15 125255 15 126022 15 126789 16 127557 15 128324 15 129091 15 129858 15 130625 15 131393 14 132160 14 132927 15 133694 15 134461 15 135229 14 135996 14 136763 14 137532 12 138301 11 139071 8 139840 6 140609 4 141379 1
0a1a58833.jpg,58529 1 59296 3 60063 6 60830 8 61598 9 62365 11 63132 13 63899 16 64666 18 65433 20 66200 22 66968 24 67735 26 68502 28 69269 30 70036 32 70803 35 71570 37 72338 38 73105 38 73872 38 74639 38 75406 39 76173 39 76940 39 77708 38 78475 38 79242 38 80009 38 80776 39 81543 39 82310 39 83077 39 83845 38 84612 38 85379 39 86146 39 86913 39 87680 39 88447 39 89215 38 89982 38 90749 39 91516 39 92283 39 93050 39 93817 39 94585 38 95352 38 96119 39 96886 39 97653 39 98420 39 99187 39 99955 38 100722 38 101489 39 102256 39 103023 39 103790 39 104557 39 105325 38 106092 38 106859 39 107626 39 108393 39 109160 39 109927 39 110695 38 111462 39 112229 39 112996 39 113763 39 114530 39 115297 39 116065 38 116832 39 117599 39 118366 39 119133 39 119900 39 120667 39 121435 38 122202 39 122969 39 123736 39 124503 39 125271 38 126038 38 126805 38 127572 39 128339 39 129107 38 129874 38 130641 38 131408 38 132175 39 132943 38 133710 38 134477 38 135244 38 136011 38 136779 37 137546 38 138313 38 139080 38 139847 38 140615 37 141382 37 142147 1 142149 37 142914 40 143682 39 144449 39 145216 39 145983 39 146750 39 147517 39 148284 40 149052 39 149819 39 150586 39 151353 39 152122 37 152891 35 153660 34 154430 31 155199 29 155968 27 156737 25 157506 23 158275 22 159045 19 159814 17 160583 15 161352 13 162121 11 162890 9 163659 8 164429 5 165198 3 165967 1
0a1a7f395.jpg,273463 1 274229 4 274996 5 275763 7 276529 10 277296 11 278062 14 278829 16 279596 17 280362 20 281129 22 281898 21 282666 22 283435 22 284204 22 284972 22 285741 22 286510 22 287278 22 288047 22 288816 22 289584 22 290353 22 291122 22 291890 22 292659 22 293428 22 294196 22 294965 22 295734 22 296502 22 297271 22 298040 22 298808 22 299577 22 300346 22 301115 21 301883 22 302652 22 303421 22 304189 22 304958 22 305727 22 306495 22 307264 22 308033 22 308801 22 309570 22 310339 22 311107 22 311876 22 312645 20 313413 18 314182 15 314951 13 315719 11 316488 8 317257 6 318025 4 318794 1
0a1a7f395.jpg,291092 1 291859 3 292626 5 293393 7 294160 9 294926 12 295693 14 296460 16 297227 18 297994 20 298761 22 299528 23 300297 23 301066 23 301835 23 302604 23 303373 23 304142 23 304911 23 305680 23 306449 23 307218 23 307986 24 308755 24 309524 24 310293 24 311062 24 311831 24 312600 24 313369 24 314138 24 314907 24 315676 23 316445 23 317214 23 317983 23 318752 23 319521 23 320290 23 321059 23 321828 23 322597 23 323366 23 324134 22 324903 20 325672 18 326441 16 327210 14 327979 11 328748 9 329517 7 330286 5 331055 3 331824 1
0a1a7f395.jpg,280782 1 281549 3 282315 5 283082 7 283849 9 284616 11 285382 13 286150 14 286918 15 287685 15 288451 16 289218 15 289984 16 290751 16 291517 17 292283 17 293050 17 293816 18 294583 17 295350 17 296116 18 296883 18 297650 17 298417 17 299183 18 299950 18 300717 17 301486 15 302254 14 303023 11 303792 9 304561 7 305329 6 306098 3 306867 1
0a1a7f395.jpg,232538 1 233305 5 234073 8 234840 12 235608 15 236375 20 237143 23 237913 20 238685 16 239456 13 240227 10 240999 5 241770 2
0a1a7f395.jpg,137083 5 137841 15 138599 25 139357 35 140115 45 140878 50 141646 50 142414 51 143182 51 143950 51 144718 51 145487 50 146255 44 147023 34 147791 23 148559 13 149327 7
0a1a7f395.jpg,230269 1 231036 6 231804 10 232572 14 233339 19 234107 21 234875 21 235642 22 236410 21 237180 19 237952 15 238724 11 239496 6 240268 2
0a1a7f395.jpg,28835 2 29602 3 30368 6 31135 8 31901 11 32668 12 33437 12 34205 13 34974 12 35742 13 36511 13 37279 14 38048 13 38816 14 39585 13 40353 14 41122 13 41890 14 42659 13 43427 14 44196 13 44964 14 45733 14 46502 13 47270 14 48039 13 48807 14 49576 13 50344 14 51113 13 51881 14 52650 13 53418 14 54187 11 54955 9 55724 6 56492 4 57261 1
0a1a7f395.jpg,156291 7 157059 7 157821 13 158578 24 159314 5 159336 34 160075 12 160093 45 160843 63 161611 64 162379 64 163147 64 163915 64 164683 64 165452 63 166220 57 166988 47 167756 37 168524 26 169292 16 170060 6
0a1a7f395.jpg,179913 1 180680 3 181447 5 182213 7 182980 9 183747 11 184514 13 185281 15 186047 17 186814 19 187581 21 188348 23 189117 22 189886 22 190654 23 191423 23 192192 23 192961 22 193730 22 194498 23 195267 23 196036 23 196805 22 197573 23 198342 23 199111 23 199880 23 200649 22 201417 23 202186 23 202955 23 203724 23 204493 22 205261 23 206030 23 206799 23 207568 22 208337 22 209105 23 209874 23 210643 23 211412 22 212181 22 212949 23 213718 23 214487 23 215256 22 216024 23 216793 23 217562 21 218331 19 219100 17 219868 15 220637 13 221406 11 222175 9 222944 7 223712 5 224481 3 225250 1
0a1a7f395.jpg,173423 2 174189 5 174957 5 175726 5 176494 5 177263 5 178031 6 178800 5 179568 6 180337 5 181105 6 181874 3 182642 1
0a1a7f395.jpg,147066 7 147822 19 148578 31 149334 44 150102 44 150870 44 151638 44 152406 44 153174 44 153942 44 154710 45 155479 44 156247 44 157015 32 157783 19 158551 7
0a1a7f395.jpg,23468 1 24234 4 25001 5 25768 7 26534 10 27301 12 28068 1 28070 11 28839 11 29607 12 30376 11 31144 12 31913 12 32681 13 33450 12 34218 13 34987 13 35755 13 36524 13 37293 13 38061 14 38830 13 39599 13 40367 12 41136 9 41905 7 42674 5 43442 3 44211 1
0a1a7f395.jpg,210236 2 211004 5 211771 9 212539 12 213307 15 214075 19 214842 23 215610 26 216378 29 217145 33 217913 36 218681 39 219448 43 220216 46 220984 49 221752 52 222519 57 223287 60 224057 61 224828 61 225599 61 226370 60 227141 57 227913 52 228684 49 229455 46 230226 41 230997 38 231768 2 231772 31 232543 27 233314 24 234086 20 234857 17 235628 13 236398 11 237166 12 237937 9 238708 5 239479 2
0a1a7f395.jpg,284612 1 285378 3 286144 5 286911 5 287677 5 288443 6 289210 6 289979 4 290747 2
0a1a934e8.jpg,
0a1ab45a9.jpg,
0a1ae79f1.jpg,
0a1b7d6ec.jpg,170930 6 171698 11 172466 11 173233 12 174001 11 174769 11 175537 11 176305 11 177073 11 177840 12 178608 11 179376 11 180144 11 180912 11 181679 12 182447 11 183215 11 183983 11 184751 11 185518 12 186286 12 187054 11 187822 11 188590 11 189358 11 190125 12 190893 11 191661 11 192429 11 193197 11 193964 12 194732 12 195500 11 196271 8 197044 3
0a1b86392.jpg,164777 3 165545 8 166313 13 167080 20 167848 25 168616 30 169384 35 170151 41 170919 47 171687 52 172455 57 173223 62 173990 68 174758 74 175526 79 176294 84 177061 88 177829 88 178597 88 179368 85 180141 79 180915 73 181688 68 182461 63 183234 58 184008 52 184781 46 185554 41 186327 36 187101 30 187874 25 188647 20 189420 14 190194 8 190967 3
0a1c2850b.jpg,
0a1d24252.jpg,
0a1d3fd88.jpg,
0a1d5d8c1.jpg,
0a1d87989.jpg,30318 3 31082 7 31846 11 32609 17 33373 21 34137 25 34900 30 35664 35 36428 39 37192 43 37955 48 38719 53 39483 57 40246 62 41010 66 41774 71 42537 76 43301 80 44065 84 44828 90 45592 94 46356 98 47119 103 47883 108 48647 112 49411 116 50174 121 50938 126 51702 130 52465 135 53229 139 53993 144 54756 149 55520 150 56284 150 57047 151 57811 151 58575 150 59339 150 60102 151 60866 151 61630 150 62393 151 63157 151 63921 151 64686 150 65454 145 66222 141 66991 136 67759 132 68527 127 69295 123 70063 119 70832 114 71600 109 72368 105 73136 101 73905 96 74673 91 75441 87 76209 83 76977 79 77746 73 78514 69 79282 65 80050 61 80818 56 81587 51 82355 47 83123 43 83891 39 84660 33 85428 29 86196 25 86964 21 87732 16 88501 11 89269 7 90037 3
0a1da498d.jpg,
0a1e36c79.jpg,
0a1ef6741.jpg,211235 10 212003 20 212771 20 213539 20 214307 20 215075 20 215842 21 216610 21 217378 20 218146 20 218914 20 219682 20 220450 20 221218 20 221986 20 222754 20 223522 20 224290 20 225057 21 225825 21 226593 21 227361 20 228129 20 228897 20 229665 20 230433 20 231201 20 231969 20 232737 20 233505 20 234272 21 235040 21 235808 21 236576 21 237344 20 238112 20 238880 20 239648 20 240416 20 241184 20 241952 20 242719 21 243487 21 244255 21 245023 21 245791 21 246559 21 247327 20 248095 20 248863 20 249631 20 250399 20 251167 20 251934 21 252702 21 253470 21 254238 21 255006 21 255774 21 256542 21 257310 20 258078 20 258846 20 259614 20 260381 21 261149 21 261917 21 262685 21 263453 21 264221 21 264989 21 265757 21 266525 20 267293 20 268061 20 268829 20 269596 21 270364 21 271132 21 271900 21 272668 21 273436 21 274204 21 274972 21 275740 21 276508 20 277276 20 278044 20 278811 21 279579 21 280347 21 281115 21 281883 21 282651 21 283419 21 284187 21 284955 21 285723 21 286491 20 287258 21 288026 21 288794 21 289562 21 290330 21 291098 21 291866 21 292634 21 293402 21 294170 21 294938 21 295706 21 296473 21 297241 21 298009 21 298777 21 299545 21 300313 21 301092 10
0a1f41faa.jpg,
0a20b9924.jpg,341507 6 342275 11 343043 11 343810 12 344578 12 345346 11 346114 11 346882 11 347650 11 348417 12 349185 12 349953 11 350724 8 351497 3
0a20d8143.jpg,108871 5 109639 10 110407 10 111175 10 111943 10 112711 10 113479 9 114247 9 115015 9 115788 4
0a21a48ba.jpg,
0a23ac329.jpg,
0a24a4100.jpg,542902 1 543669 3 544435 5 545202 7 545969 9 546735 11 547502 13 548269 13 549038 11 549806 9 550575 7 551344 5 552112 3 552881 1
0a24a5741.jpg,
0a24bad88.jpg,
0a24e60d7.jpg,
0a28ce4b0.jpg,
0a2a8689d.jpg,1958 1 2725 3 3491 5 4258 7 5025 9 5791 12 6558 13 7325 15 8094 15 8863 15 9632 14 10400 15 11169 15 11938 15 12707 14 13475 15 14244 15 15013 14 15781 15 16550 15 17319 15 18088 14 18856 15 19625 15 20394 15 21162 15 21931 15 22700 15 23469 15 24237 15 25006 15 25775 15 26544 14 27312 15 28081 15 28850 15 29619 14 30387 15 31156 15 31925 15 32694 14 33462 15 34231 15 35000 15 35769 14 36537 15 37306 15 38075 14 38844 14 39612 15 40381 15 41150 14 41919 14 42687 15 43456 15 44225 14 44994 14 45762 15 46531 15 47300 14 48069 14 48837 13 49606 10 50375 8 51144 5 51912 4 52681 1
0a2a8689d.jpg,315019 2 315785 4 316551 7 317317 9 318085 9 318854 9 319622 9 320390 9 321159 9 321927 9 322695 10 323464 9 324232 9 325001 9 325769 9 326537 9 327306 9 328074 9 328842 9 329611 9 330379 9 331147 9 331916 9 332684 9 333452 10 334221 9 334989 9 335758 9 336526 9 337294 9 338063 9 338831 9 339599 9 340368 9 341136 9 341904 9 342673 9 343441 9 344209 10 344978 9 345746 9 346515 9 347283 9 348051 9 348820 9 349588 9 350356 9 351125 9 351893 9 352661 9 353430 9 354198 9 354966 10 355735 9 356503 9 357272 9 358040 9 358808 7 359577 4 360345 2
0a2a8689d.jpg,458951 6 459713 12 460481 12 461249 12 462017 12 462785 13 463554 12 464322 12 465090 12 465858 12 466626 12 467394 12 468162 12 468930 12 469698 13 470466 13 471235 12 472003 12 472771 12 473539 12 474307 12 475075 12 475843 12 476611 13 477379 13 478148 12 478916 12 479684 12 480452 12 481220 12 481988 12 482756 12 483524 12 484292 13 485061 12 485829 12 486597 12 487365 12 488133 12 488901 12 489669 12 490437 12 491205 13 491973 13 492742 12 493510 12 494278 12 495046 12 495814 12 496582 12 497350 12 498118 13 498886 13 499655 12 500423 12 501191 12 501959 9 502727 3
0a2a8689d.jpg,324251 2 325016 5 325782 8 326548 10 327316 11 328085 10 328853 10 329622 10 330390 10 331158 11 331927 10 332695 10 333464 10 334232 10 335000 11 335769 10 336537 10 337306 10 338074 10 338842 11 339611 10 340379 10 341148 10 341916 10 342684 11 343453 10 344221 8 344990 4 345758 2
0a2a8689d.jpg,377 30 1143 33 1910 34 2679 34 3447 35 4216 35 4985 34 5754 34 6522 35 7291 34 8060 34 8829 33 9597 34 10366 34 11135 34 11903 34 12672 34 13441 34 14210 34 14978 34 15747 34 16516 34 17285 34 18053 34 18822 34 19591 34 20359 35 21128 34 21897 34 22666 34 23434 35 24203 34 24972 34 25740 35 26509 34 27278 34 28047 34 28815 35 29584 34 30353 34 31122 34 31890 35 32659 34 33428 34 34196 35 34965 34 35734 34 36503 34 37271 35 38040 34 38809 34 39578 34 40346 34 41115 34 41884 34 42652 35 43421 34 44190 34 44959 34 45727 34 46496 34 47265 34 48034 34 48802 34 49571 34 50340 34 51108 35 51877 34 52646 34 53415 34 54183 34 54952 34 55721 34 56490 34 57258 34 58027 34 58796 34 59564 34 60333 34 61102 34 61871 34 62639 34 63408 34 64177 34 64946 33 65714 34 66483 34 67252 34 68020 34 68789 34 69558 34 70327 34 71095 34 71864 34 72633 34 73401 34 74170 34 74939 34 75708 34 76476 34 77245 34 78014 32 78783 29 79551 28 80320 25 81089 23 81857 21 82626 19 83395 16 84164 14 84932 13 85701 10 86470 8 87239 5 88007 4 88776 1
0a2b6da34.jpg,
0a2c38c74.jpg,
0a2c5e074.jpg,
0a2c6480e.jpg,360488 5 361256 15 362024 25 362792 35 363560 45 364328 54 365095 65 365863 75 366631 85 367399 94 368167 104 368935 114 369703 124 370471 134 371239 139 372007 139 372775 139 373543 139 374310 140 375078 140 375846 139 376614 139 377382 139 378150 139 378918 139 379686 139 380454 139 381222 139 381990 139 382757 140 383525 140 384293 140 385061 139 385829 139 386597 139 387370 134 388148 124 388926 114 389704 104 390482 94 391259 85 392037 75 392815 65 393593 54 394370 45 395148 35 395926 25 396704 15 397482 5
0a2c6480e.jpg,3907 3 4670 8 5433 13 6196 19 6960 23 7723 28 8486 33 9249 38 10012 43 10775 49 11538 54 12302 58 13065 63 13828 68 14593 72 15361 72 16129 72 16897 72 17665 72 18433 72 19201 73 19969 73 20737 73 21505 70 22273 65 23041 60 23809 55 24577 50 25346 44 26114 39 26882 34 27650 29 28418 24 29186 19 29955 13 30723 8 31491 3
0a2c975ed.jpg,
0a2d31abb.jpg,
0a2d518cc.jpg,
0a2d5afdb.jpg,
0a2d60a12.jpg,
0a2d6f64b.jpg,
0a2e15e29.jpg,550881 2 551649 4 552416 7 553184 10 553951 13 554719 15 555486 19 556254 21 557021 24 557789 26 558556 30 559324 32 560091 35 560861 35 561631 33 562401 30 563172 27 563942 24 564713 21 565483 19 566253 16 567024 13 567794 10 568565 7 569335 4 570105 2
0a2e15e29.jpg,550246 2 551011 5 551776 9 552542 11 553307 14 554073 16 554841 17 555610 16 556378 14 557146 10 557915 6 558683 2
0a2e15e29.jpg,435185 1 435951 4 436717 6 437484 8 438250 11 439017 12 439786 12 440554 11 441323 8 442092 5 442860 4 443629 1
0a2e15e29.jpg,232983 1 233750 3 234517 5 235284 8 236052 9 236819 11 237586 13 238353 15 239120 18 239889 18 240658 18 241427 18 242197 15 242966 13 243735 11 244504 10 245273 8 246043 5 246812 3 247581 1
0a2e15e29.jpg,489597 15 490365 15 491133 15 491901 15 492669 15 493437 15 494205 15 494973 15
0a2e15e29.jpg,358522 1 359289 3 360056 5 360823 7 361590 9 362358 10 363125 12 363892 14 364659 16 365426 18 366195 18 366964 18 367733 18 368502 18 369271 18 370040 18 370809 18 371578 18 372347 18 373116 18 373885 18 374654 18 375422 19 376191 19 376960 19 377729 19 378498 17 379267 15 380036 13 380805 11 381574 9 382343 7 383112 5 383881 3 384650 1
0a2e15e29.jpg,462885 2 463649 6 464414 10 465179 13 465943 17 466709 20 467477 20 468245 20 469014 20 469782 20 470550 18 471318 14 472087 9 472855 6 473623 2
0a2e15e29.jpg,525019 3 525783 7 526547 11 527312 14 528080 15 528849 14 529617 14 530385 11 531154 6 531922 2
0a2eea3a9.jpg,
0a2f8bdde.jpg,
0a2fb2595.jpg,
0a2fc9f18.jpg,
0a30f7cce.jpg,
0a33ce967.jpg,
0a34f2959.jpg,
0a36b3636.jpg,
0a36c3e58.jpg,
0a37ae4bd.jpg,
0a38a1bfd.jpg,
0a3a78da9.jpg,
0a3bf573f.jpg,
0a3c08c56.jpg,
0a3c9a762.jpg,
0a3cc1ace.jpg,
0a3d680f3.jpg,
0a3d961d9.jpg,
0a3e5f42c.jpg,
0a3e6680a.jpg,
0a3e6fce1.jpg,28085 2 28852 5 29619 7 30387 6 31154 7 31921 7 32688 7 33456 7 34223 7 34990 7 35759 5 36529 3 37298 1
0a3f227fa.jpg,
0a3f804b4.jpg,
0a3f85c67.jpg,
0a40d86f5.jpg,
0a41f0c70.jpg,
0a47fd117.jpg,
0a48c2e6d.jpg,
0a49a473f.jpg,532913 1 533680 4 534448 6 535215 9 535983 10 536750 10 537518 10 538285 10 539052 11 539820 10 540587 11 541355 10 542122 10 542890 10 543657 10 544426 9 545196 6 545966 4 546736 1
0a49a473f.jpg,175641 5 176409 9 177177 9 177945 9 178713 9 179480 10 180248 9 181016 9 181784 9 182552 9 183320 9 184088 9 184856 9 185624 9 186392 9 187159 10 187927 9 188695 9 189463 9 190231 9 190999 9 191767 9 192535 9 193303 9 194071 9 194838 10 195606 9 196374 9 197142 9 197910 9 198683 4
0a4a116ea.jpg,161984 18 162752 18 163520 18 164288 18 165056 18 165824 18 166592 18 167360 18 168128 18 168896 18 169664 18 170433 18 171201 18 171969 18 172737 18 173505 18 174273 18 175041 18 175809 18 176577 18 177345 18 178113 18 178881 18 179649 18 180417 18 181185 18 181953 18 182721 18 183489 18 184257 18 185025 18 185794 18 186562 18 187330 18 188098 18 188866 18 189634 18 190402 18 191170 18 191938 18 192706 18 193474 18 194242 18 195010 18 195778 18 196546 18 197314 18 198082 18 198850 18 199618 18 200386 18 201155 18 201923 18 202691 18 203459 18 204227 18 204995 18 205763 18 206531 18 207299 18 208067 18 208835 9
0a4a7adce.jpg,
0a4aa1eb8.jpg,
0a4ad4239.jpg,
0a4b017df.jpg,
0a4b04072.jpg,
0a4b61af2.jpg,
0a4bb11f6.jpg,
0a4bc5507.jpg,
0a4c56694.jpg,334749 4 335517 11 336285 18 337053 25 337821 32 338588 40 339356 47 340124 55 340892 62 341660 69 342428 76 343196 83 343964 90 344731 98 345499 102 346267 102 347035 102 347803 102 348571 102 349339 102 350107 102 350874 103 351642 103 352410 103 353178 103 353946 103 354718 99 355493 92 356269 84 357044 77 357819 70 358595 62 359370 55 360145 48 360920 41 361696 33 362471 26 363246 19 364022 11 364797 4
0a4cad0e8.jpg,440728 2 441493 5 442258 9 443024 11 443792 11 444561 11 445329 11 446097 11 446865 12 447634 11 448402 11 449170 12 449939 11 450707 11 451475 12 452243 12 453012 11 453780 11 454548 12 455317 11 456085 11 456853 12 457622 11 458390 11 459158 12 459926 12 460695 11 461463 12 462231 12 463000 11 463768 12 464536 12 465304 10 466073 5 466841 2
0a4cad0e8.jpg,462789 1 463555 4 464321 6 465087 9 465853 12 466619 14 467385 17 468151 19 468917 22 469683 25 470450 26 471216 29 471982 30 472748 30 473514 30 474280 30 475046 30 475812 30 476578 30 477345 29 478111 30 478877 30 479643 30 480409 30 481175 30 481941 30 482707 30 483473 30 484239 31 485006 30 485772 30 486538 30 487304 30 488070 30 488836 30 489602 31 490368 31 491134 31 491901 30 492669 28 493438 25 494206 23 494975 20 495743 19 496512 16 497280 14 498049 11 498817 9 499586 6 500354 4 501123 1
0a4cad0e8.jpg,484607 1 485374 3 486141 4 486907 6 487674 7 488441 8 489208 9 489975 10 490742 11 491508 13 492275 14 493042 15 493809 16 494576 17 495342 18 496109 18 496876 18 497643 18 498410 17 499177 17 499943 18 500710 18 501477 18 502244 17 503013 15 503782 13 504551 11 505319 10 506088 8 506857 5 507626 3 508395 1
0a4cad0e8.jpg,395329 1 396096 3 396863 4 397629 7 398396 9 399163 9 399930 9 400697 9 401463 9 402230 9 402997 9 403764 9 404533 7 405301 5 406070 3 406839 1
0a4cb479e.jpg,
0a4e2524c.jpg,
0a4e6d734.jpg,
0a4e959da.jpg,
0a4f019f0.jpg,
0a4f16732.jpg,
0a4f9a1bd.jpg,
0a4fde21a.jpg,
0a4fe02eb.jpg,
0a50e22e5.jpg,74203 1 74969 4 75735 6 76501 9 77267 11 78033 14 78799 16 79565 19 80332 20 81098 23 81864 25 82630 28 83396 30 84162 33 84928 35 85694 38 86460 40 87227 42 87993 45 88759 47 89525 50 90291 52 91057 55 91823 57 92589 60 93356 61 94122 64 94888 66 95654 69 96420 71 97186 74 97952 76 98718 79 99485 81 100251 83 101017 86 101783 88 102549 91 103315 93 104081 96 104847 98 105613 101 106380 102 107146 105 107912 107 108678 110 109444 112 110210 115 110976 117 111742 120 112509 120 113275 120 114041 120 114807 120 115573 120 116339 120 117105 120 117871 121 118638 120 119404 120 120170 120 120936 120 121702 120 122468 120 123234 120 124000 121 124766 121 125533 120 126299 120 127065 120 127831 120 128597 120 129363 121 130129 121 130895 121 131662 120 132428 120 133194 120 133960 120 134726 120 135492 121 136258 121 137024 121 137791 120 138557 120 139323 120 140089 120 140855 121 141621 121 142387 121 143153 121 143919 121 144686 120 145452 120 146218 121 146984 121 147750 121 148516 121 149282 121 150048 121 150815 120 151581 120 152347 121 153113 121 153879 121 154645 121 155411 121 156177 121 156944 120 157710 121 158476 121 159242 121 160008 121 160774 121 161540 121 162306 121 163072 121 163839 121 164605 121 165371 121 166137 121 166903 121 167669 121 168435 121 169201 122 169968 121 170737 118 171505 116 172274 113 173042 111 173811 108 174579 106 175348 104 176116 102 176885 99 177653 97 178422 94 179190 92 179959 89 180727 88 181496 85 182264 83 183033 80 183801 78 184570 75 185338 73 186107 71 186875 69 187644 66 188412 64 189181 61 189950 58 190718 56 191487 53 192255 52 193024 49 193792 47 194561 44 195329 42 196098 39 196866 37 197635 35 198403 33 199172 30 199940 28 200709 25 201477 23 202246 20 203014 18 203783 16 204551 14 205320 11 206088 9 206857 6 207625 4 208394 1
0a50e7ef8.jpg,
0a50eecbb.jpg,
0a52b5b2f.jpg,
0a54b306f.jpg,
0a55caf9d.jpg,
0a5a3f250.jpg,146529 1 147297 3 148064 6 148832 8 149599 11 150367 13 151134 16 151902 18 152669 21 153437 23 154204 26 154972 27 155739 30 156507 32 157274 35 158042 37 158809 40 159577 42 160344 45 161112 47 161879 50 162647 51 163414 54 164182 56 164949 59 165717 61 166484 64 167252 66 168019 69 168788 70 169558 70 170328 70 171098 69 171868 69 172638 69 173408 69 174178 69 174948 69 175718 69 176488 69 177257 70 178027 70 178797 70 179567 69 180337 69 181107 69 181877 69 182647 69 183417 69 184187 69 184956 70 185726 70 186496 70 187266 70 188036 69 188806 69 189576 69 190346 69 191116 69 191886 69 192656 69 193425 70 194195 70 194965 70 195735 69 196505 69 197275 69 198045 69 198815 69 199585 69 200355 69 201125 69 201894 70 202664 70 203434 70 204204 69 204974 67 205744 64 206514 62 207284 59 208054 57 208824 54 209594 52 210363 50 211133 48 211903 45 212673 43 213443 40 214213 38 214983 35 215753 33 216523 30 217293 28 218062 26 218832 24 219602 21 220372 19 221142 16 221912 14 222682 11 223452 9 224222 6 224992 4 225762 1
0a5aa8195.jpg,
0a5ae8465.jpg,260622 2 261386 6 262150 11 262914 15 263678 19 264444 21 265212 22 265980 22 266749 21 267517 21 268285 22 269053 22 269821 19 270590 13 271358 8 272126 3
0a5b0846c.jpg,389331 6 390099 11 390867 11 391634 12 392402 12 393173 9 393947 3
0a5b0846c.jpg,296423 5 297182 14 297945 19 298713 19 299481 19 300249 19 301018 18 301786 18 302554 13 303322 5
0a5b18053.jpg,
0a5b3e65c.jpg,62 8 828 11 1595 12 2361 15 3128 17 3895 18 4661 21 5428 23 6194 26 6961 27 7727 30 8494 32 9261 33 10027 36 10794 36 11560 36 12327 36 13093 36 13860 36 14627 36 15393 36 16160 36 16926 36 17693 36 18459 36 19226 36 19993 36 20759 36 21526 36 22292 36 23059 36 23825 36 24592 36 25359 36 26125 36 26892 36 27658 36 28425 36 29191 36 29958 36 30725 36 31491 36 32258 36 33025 35 33793 34 34561 32 35329 31 36097 30 36865 28 37633 27 38401 25 39169 24 39937 22 40705 21 41473 20 42241 18 43009 17 43777 15 44546 13 45314 11 46083 9 46851 8 47620 5 48388 4 49157 1
0a5b401c8.jpg,
0a5b7804d.jpg,
0a5b90e1d.jpg,71625 1 72392 4 73160 5 73927 8 74694 10 75462 12 76229 14 76996 16 77763 19 78531 20 79298 23 80065 25 80833 27 81600 29 82367 32 83135 33 83902 36 84669 38 85436 40 86204 42 86971 44 87740 45 88510 44 89279 45 90049 44 90818 45 91588 44 92357 45 93127 44 93896 44 94665 45 95435 44 96204 45 96974 44 97743 45 98513 44 99282 45 100052 44 100821 45 101591 44 102360 44 103130 44 103899 44 104669 44 105438 44 106208 44 106977 44 107747 44 108516 44 109285 45 110055 44 110824 44 111594 44 112363 44 113133 44 113902 44 114672 41 115441 40 116211 37 116980 35 117750 33 118519 31 119289 28 120058 27 120828 24 121597 23 122367 20 123136 18 123905 17 124675 14 125444 12 126214 10 126983 8 127753 5 128522 4 129292 1
0a5c61ad1.jpg,
0a5dd0f1d.jpg,
0a5e733ff.jpg,
0a5fa3b78.jpg,
0a5fb24c6.jpg,38430 2 39196 5 39962 7 40729 9 41498 8 42266 1 42268 7 43037 6 43805 7 44574 6 45342 7 46111 6 46880 6 47648 6 48417 6 49185 6 49954 6 50722 4 51491 1
0a5fb24c6.jpg,43033 2 43799 4 44565 7 45332 8 46101 8 46869 8 47638 8 48406 8 49175 8 49943 8 50712 8 51480 8 52249 8 52258 2 53017 11 53786 11 54554 11 55323 11 56091 9 56860 6 57628 4 58397 1
0a5fd8779.jpg,
0a60a072d.jpg,
0a62b5f60.jpg,
0a6b4e02d.jpg,
0a6becaba.jpg,
0a6bf9a2f.jpg,
0a6cb46b5.jpg,
0a6d12a5e.jpg,
0a6d279ed.jpg,
0a6d61ab1.jpg,
0a6d93e5a.jpg,
0a6e0c575.jpg,
0a6f080e7.jpg,
0a6f3000e.jpg,
0a6fc603c.jpg,
0a70f6125.jpg,
0a72f36cb.jpg,
0a75b0e37.jpg,21100 1 21867 3 22634 5 23400 8 24167 10 24934 11 25701 13 26468 15 27237 15 28006 15 28775 15 29543 16 30312 16 31081 15 31850 15 32619 15 33388 15 34156 16 34925 16 35694 16 36463 16 37232 16 38001 15 38770 15 39538 16 40307 16 41076 16 41845 14 42614 12 43383 9 44151 8 44920 6 45689 3 46458 1
0a75b3858.jpg,
0a76b3b8e.jpg,371267 2 372033 4 372799 7 373565 9 374331 12 375097 14 375863 16 376629 19 377394 22 378160 25 378926 27 379692 30 380458 32 381224 32 381990 32 382756 32 383522 32 384288 32 385054 32 385820 32 386586 32 387352 32 388117 33 388883 33 389649 33 390415 33 391181 33 391947 33 392713 33 393479 33 394245 33 395011 33 395777 32 396543 32 397304 1 397309 32 398070 3 398075 32 398836 37 399602 37 400370 35 401139 32 401907 30 402676 27 403444 25 404213 22 404981 20 405750 17 406518 15 407287 12 408055 10 408824 7 409592 5 410361 2
0a76b3b8e.jpg,3806 1 4573 3 5339 6 6106 7 6873 9 7640 11 8406 14 9173 15 9940 17 10707 19 11474 21 12240 23 13007 25 13774 27 14541 27 15307 28 16074 27 16841 27 17608 27 18374 28 19141 28 19908 27 20675 27 21442 27 22208 28 22975 28 23742 27 24509 27 25275 28 26042 28 26809 27 27576 27 28342 28 29109 28 29876 28 30643 27 31410 27 32176 28 32943 28 33710 28 34477 27 35243 28 36010 28 36777 28 37544 27 38310 28 39077 28 39844 28 40611 28 41378 27 42144 28 42911 28 43678 28 44445 28 45211 28 45978 28 46745 28 47514 26 48283 23 49052 21 49820 20 50589 18 51358 16 52127 13 52896 11 53665 9 54433 8 55202 6 55971 3 56740 1
0a76b3b8e.jpg,323705 2 324471 4 325237 7 326003 9 326769 12 327535 14 328301 17 329067 19 329833 22 330599 24 331364 28 332130 30 332896 33 333662 35 334428 38 335194 40 335960 43 336726 45 337492 48 338257 51 339023 54 339789 56 340555 59 341321 61 342087 64 342853 66 343619 69 344385 71 345151 74 345916 75 346682 75 347448 75 348214 75 348980 75 349746 75 350512 75 351278 75 352044 75 352810 75 353575 76 354341 76 355107 76 355873 76 356639 75 357405 75 358171 75 358937 75 359703 75 360469 75 361234 76 362000 76 362766 76 363532 76 364298 76 365064 76 365830 76 366596 76 367362 75 368127 76 368893 76 369659 71 369732 3 370425 71 370500 1 371191 71 371957 71 372723 71 373489 71 374255 71 375021 71 375787 71 376555 69 377324 66 378092 64 378861 61 379629 58 380398 55 381166 53 381935 50 382703 48 383472 45 384240 43 385009 40 385777 38 386546 35 387314 33 388083 30 388851 28 389620 24 390388 22 391157 19 391925 17 392694 14 393462 12 394231 9 394999 7 395768 4 396536 2
0a7a0fa38.jpg,428786 1 429553 3 430320 4 431086 7 431853 7 432620 7 433387 7 434156 4 434924 3 435693 1
0a7a257fc.jpg,
0a7b289e5.jpg,29673 2 30439 4 31205 7 31971 9 32737 12 33503 14 34269 17 35035 19 35801 22 36569 22 37338 22 38106 22 38875 22 39643 22 40412 22 41180 22 41949 22 42717 22 43486 22 44254 22 45023 22 45791 22 46560 22 47328 22 48097 22 48865 22 49634 22 50402 22 51171 22 51939 22 52708 22 53476 22 54245 22 55013 22 55782 22 56550 22 57319 22 58087 22 58856 22 59624 22 60393 22 61161 22 61930 22 62698 22 63467 22 64235 22 65004 19 65772 17 66541 14 67309 12 68078 9 68846 7 69615 4 70383 2
0a7b289e5.jpg,121650 1 122417 3 123183 6 123950 7 124717 9 125484 11 126251 13 127017 16 127784 17 128551 19 129318 21 130084 24 130851 26 131618 27 132385 29 133152 31 133918 34 134685 36 135452 37 136219 39 136985 42 137752 44 138519 46 139286 48 140053 49 140819 52 141586 54 142353 56 143120 58 143887 59 144653 62 145420 64 146187 66 146954 68 147720 70 148487 72 149254 74 150021 74 150788 74 151554 74 152321 74 153088 74 153855 74 154621 75 155388 74 156155 74 156922 74 157689 74 158455 75 159222 74 159989 74 160756 74 161522 75 162289 74 163056 74 163823 74 164590 74 165356 75 166123 74 166890 74 167657 74 168423 75 169190 75 169957 74 170724 74 171491 74 172257 75 173024 74 173791 74 174558 74 175325 74 176091 75 176858 74 177625 74 178392 74 179158 75 179925 75 180692 74 181459 74 182226 74 182992 75 183759 75 184526 74 185293 74 186059 75 186826 75 187593 74 188360 74 189127 74 189893 75 190660 75 191427 74 192194 74 192960 75 193727 75 194494 75 195261 74 196028 74 196794 75 197561 75 198328 74 199095 74 199861 75 200628 75 201395 75 202162 74 202929 74 203695 75 204462 75 205229 75 205996 74 206763 74 207529 75 208296 75 209063 74 209830 74 210596 75 211363 75 212130 75 212897 74 213664 74 214430 75 215197 75 215964 75 216731 74 217497 75 218264 75 219031 75 219798 74 220565 74 221331 75 222098 75 222865 75 223632 74 224398 75 225165 75 225932 75 226699 75 227466 74 228232 75 228999 75 229766 75 230533 74 231299 75 232066 75 232833 75 233600 75 234367 74 235133 75 235900 75 236667 75 237434 75 238201 74 238967 75 239734 75 240501 75 241268 74 242034 75 242801 75 243568 75 244335 75 245102 74 245868 75 246635 75 247402 75 248171 73 248940 70 249708 69 250477 67 251246 65 252015 63 252784 60 253553 58 254321 57 255090 55 255859 52 256628 50 257397 48 258166 46 258934 45 259703 42 260472 40 261241 38 262010 36 262779 34 263547 32 264316 30 265085 28 265854 26 266623 23 267392 21 268160 20 268929 18 269698 16 270467 13 271236 11 272005 9 272773 8 273542 6 274311 3 275080 1
0a7b736bc.jpg,
0a7c37496.jpg,
0a7c8e4a1.jpg,
0a7d1c7b8.jpg,
0a7dfa2cc.jpg,
0a7f2fe3f.jpg,
0a7f453be.jpg,
0a7f94eb7.jpg,
0a7fae12f.jpg,
0a8a48640.jpg,
0a8a62f99.jpg,
0a8ac4183.jpg,
0a8afd39f.jpg,
0a8b2b144.jpg,
0a8b8dcc7.jpg,
0a8c66829.jpg,
0a8cfac83.jpg,290560 2 291326 4 292092 7 292858 9 293624 12 294392 12 295161 11 295929 12 296698 11 297466 11 298234 12 299003 11 299771 12 300539 12 301308 11 302076 12 302845 11 303613 12 304381 12 305150 11 305918 12 306687 11 307455 11 308223 12 308992 11 309760 12 310528 12 311297 9 312065 7 312834 4 313602 2
0a8d0828a.jpg,
0a8d5d261.jpg,209035 2 209803 5 210570 9 211338 12 212106 15 212873 19 213641 22 214409 25 215176 30 215944 33 216712 36 217479 40 218247 43 219015 46 219782 50 220550 53 221318 56 222085 60 222853 63 223621 66 224388 70 225156 73 225923 77 226691 80 227459 83 228226 88 228994 91 229762 94 230529 98 231297 101 232065 104 232832 108 233600 111 234368 114 235135 118 235903 121 236671 124 237438 128 238206 131 238976 132 239747 132 240518 132 241289 133 242060 133 242831 133 243602 133 244373 133 245144 133 245915 133 246686 133 247457 133 248228 133 248999 133 249770 133 250541 133 251312 133 252084 132 252855 132 253626 132 254397 133 255168 133 255939 133 256710 133 257481 133 258252 133 259023 133 259794 133 260565 132 261336 129 262107 125 262878 122 263649 119 264420 115 265191 112 265962 109 266733 106 267504 102 268275 99 269046 96 269817 92 270588 89 271359 86 272130 82 272901 79 273672 76 274443 72 275214 69 275985 66 276756 63 277527 59 278299 55 279070 52 279841 48 280612 45 281383 42 282154 38 282925 35 283696 32 284467 28 285238 25 286009 22 286780 19 287551 15 288322 12 289093 9 289864 5 290635 2
0a8da462d.jpg,
0a8e1846e.jpg,
0a8efec62.jpg,
0a8f3db91.jpg,
0a8f574e8.jpg,
0a8f6f6ea.jpg,
0a9aa0fd4.jpg,
0a9ad0315.jpg,
0a9b0108c.jpg,
0a9b38711.jpg,
0a9b38ea9.jpg,
0a9c208bd.jpg,
0a9eca6d6.jpg,489162 1 489929 4 490697 5 491464 7 492233 8 493002 8 493772 5 494541 3 495310 1
0a9eca6d6.jpg,451546 2 452314 5 453082 8 453849 12 454617 15 455387 15 456158 12 456929 9 457700 5 458471 2
0a9eca6d6.jpg,386079 1 386846 4 387614 6 388381 8 389148 11 389916 13 390683 15 391451 17 392218 20 392985 22 393753 24 394520 27 395287 29 396055 31 396822 33 397591 34 398361 34 399131 33 399900 34 400670 34 401440 33 402209 34 402979 34 403749 33 404519 33 405288 34 406058 33 406828 33 407597 34 408367 33 409137 33 409906 34 410676 33 411446 33 412215 34 412985 33 413755 33 414525 32 415294 33 416064 33 416834 32 417603 33 418373 33 419143 32 419912 33 420682 33 421452 32 422221 30 422991 28 423761 25 424530 23 425300 21 426070 18 426840 15 427609 13 428379 11 429149 8 429918 6 430688 4 431458 1
0a9eca6d6.jpg,495340 1 496107 3 496874 5 497641 8 498410 8 499179 8 499948 8 500718 5 501487 3 502256 1
0a9f52ffa.jpg,
0a9fb0743.jpg,38407 1 39174 3 39940 6 40707 7 41474 9 42241 11 43009 12 43777 12 44545 13 45313 14 46081 15 46849 16 47617 16 48385 17 49153 18 49921 19 50689 19 51457 20 52225 21 52993 22 53761 23 54529 23 55297 24 56065 25 56833 26 57601 27 58369 27 59137 28 59905 29 60673 30 61441 30 62209 31 62977 32 63745 33 64513 34 65281 34 66049 35 66817 36 67585 37 68353 37 69121 38 69889 39 70657 40 71425 41 72193 41 72961 42 73730 42 74499 42 75267 42 76036 42 76805 42 77574 42 78342 43 79111 42 79880 42 80649 42 81418 42 82186 43 82955 42 83724 42 84493 42 85261 43 86030 42 86799 42 87568 42 88337 42 89105 43 89874 42 90643 42 91412 42 92180 43 92949 42 93718 42 94487 42 95256 42 96024 43 96793 42 97562 42 98331 42 99099 43 99868 42 100637 42 101406 42 102175 42 102943 43 103712 42 104481 42 105250 42 106018 43 106787 42 107556 42 108325 42 109094 42 109862 43 110631 42 111400 42 112169 42 112937 43 113706 43 114475 42 115244 42 116013 42 116781 43 117550 42 118319 42 119088 42 119856 43 120625 43 121394 42 122163 42 122931 43 123700 43 124469 42 125238 42 126007 42 126775 43 127544 43 128313 42 129082 42 129850 43 130619 43 131388 42 132157 42 132926 42 133694 43 134463 43 135232 42 136001 42 136769 43 137538 43 138307 43 139076 42 139845 42 140613 43 141382 43 142151 42 142920 42 143688 43 144457 43 145226 43 145995 42 146764 42 147532 43 148301 43 149070 42 149839 42 150607 43 151376 41 152145 39 152914 36 153683 34 154451 33 155220 30 155989 28 156758 26 157526 24 158295 22 159064 20 159833 18 160602 15 161370 14 162139 12 162908 9 163677 7 164445 6 165214 3 165983 1
0a9fdec5f.jpg,
